{"cameraMode":{"drawMode":0,"name":"Shaded","section":"Shading Mode"},"sceneLighting":false,"audioPlay":false,"sceneViewState":{"m_AlwaysRefresh":false,"showFog":true,"showSkybox":false,"showFlares":true,"showImageEffects":true,"showParticleSystems":true,"showVisualEffectGraphs":true,"m_FxEnabled":true},"in2DMode":false,"pivot":{"x":904.7777099609375,"y":854.638427734375,"z":4.5365142822265629},"rotation":{"x":-0.0005983809824101627,"y":0.028497422114014627,"z":0.00004554029510472901,"w":0.9996337294578552},"size":88.45903015136719,"orthographic":false}