{"cameraMode":{"drawMode":0,"name":"Shaded","section":"Shading Mode"},"sceneLighting":false,"audioPlay":false,"sceneViewState":{"m_AlwaysRefresh":false,"showFog":true,"showSkybox":false,"showFlares":true,"showImageEffects":true,"showParticleSystems":true,"showVisualEffectGraphs":true,"m_FxEnabled":true},"in2DMode":false,"pivot":{"x":1.1961274147033692,"y":1.0294194221496583,"z":2.1101391315460207},"rotation":{"x":0.34106189012527468,"y":-0.45839837193489077,"z":0.1962272673845291,"w":0.7969413995742798},"size":3.3510971069335939,"orthographic":false}