{"cameraMode":{"drawMode":0,"name":"Shaded","section":"Shading Mode"},"sceneLighting":false,"audioPlay":false,"sceneViewState":{"m_AlwaysRefresh":false,"showFog":true,"showSkybox":false,"showFlares":true,"showImageEffects":true,"showParticleSystems":true,"showVisualEffectGraphs":true,"m_FxEnabled":true},"in2DMode":false,"pivot":{"x":1.6008596420288087,"y":-0.894930362701416,"z":-0.1525101661682129},"rotation":{"x":0.9508494734764099,"y":-0.009065669029951096,"z":0.3082566559314728,"w":0.0279611237347126},"size":2.8140571117401125,"orthographic":false}