{"cameraMode":{"drawMode":0,"name":"Shaded","section":"Shading Mode"},"sceneLighting":false,"audioPlay":false,"sceneViewState":{"m_AlwaysRefresh":false,"showFog":true,"showSkybox":false,"showFlares":true,"showImageEffects":true,"showParticleSystems":true,"showVisualEffectGraphs":true,"m_FxEnabled":true},"in2DMode":false,"pivot":{"x":1.219329833984375,"y":0.4502818286418915,"z":0.24618853628635407},"rotation":{"x":0.15910643339157105,"y":0.038500718772411349,"z":-0.006174357607960701,"w":0.9865280985832214},"size":4.16131591796875,"orthographic":false}