{"cameraMode":{"drawMode":0,"name":"Shaded","section":"Shading Mode"},"sceneLighting":false,"audioPlay":false,"sceneViewState":{"m_AlwaysRefresh":false,"showFog":true,"showSkybox":false,"showFlares":true,"showImageEffects":true,"showParticleSystems":true,"showVisualEffectGraphs":true,"m_FxEnabled":true},"in2DMode":false,"pivot":{"x":0.2110130786895752,"y":3.7531728744506838,"z":1.2941951751708985},"rotation":{"x":0.25602132081985476,"y":-0.17570051550865174,"z":0.04741690307855606,"w":0.9494251608848572},"size":4.765597343444824,"orthographic":false}