{"cameraMode":{"drawMode":0,"name":"Shaded","section":"Shading Mode"},"sceneLighting":false,"audioPlay":false,"sceneViewState":{"m_AlwaysRefresh":false,"showFog":true,"showSkybox":false,"showFlares":true,"showImageEffects":true,"showParticleSystems":true,"showVisualEffectGraphs":true,"m_FxEnabled":true},"in2DMode":false,"pivot":{"x":0.1610240936279297,"y":2.8594305515289308,"z":1.1945805549621583},"rotation":{"x":-0.007349716033786535,"y":-0.42277124524116518,"z":-0.003403386101126671,"w":0.9062404036521912},"size":3.535533905029297,"orthographic":false}