{"cameraMode":{"drawMode":0,"name":"Shaded","section":"Shading Mode"},"sceneLighting":false,"audioPlay":false,"sceneViewState":{"m_AlwaysRefresh":false,"showFog":true,"showSkybox":false,"showFlares":true,"showImageEffects":true,"showParticleSystems":true,"showVisualEffectGraphs":true,"m_FxEnabled":true},"in2DMode":false,"pivot":{"x":0.8439059257507324,"y":1.0906471014022828,"z":1.1751856803894044},"rotation":{"x":-0.24606119096279145,"y":0.32426944375038149,"z":-0.08776045590639115,"w":-0.9091778993606567},"size":5.18440055847168,"orthographic":false}