{"cameraMode":{"drawMode":0,"name":"Shaded","section":"Shading Mode"},"sceneLighting":false,"audioPlay":false,"sceneViewState":{"m_AlwaysRefresh":false,"showFog":true,"showSkybox":false,"showFlares":true,"showImageEffects":true,"showParticleSystems":true,"showVisualEffectGraphs":true,"m_FxEnabled":true},"in2DMode":false,"pivot":{"x":2.0461997985839845,"y":0.760647177696228,"z":1.0765807628631592},"rotation":{"x":0.020391954109072686,"y":0.02999212220311165,"z":-0.0005730293341912329,"w":0.9993786811828613},"size":4.9794158935546879,"orthographic":false}